id,first_name,last_name,email,gender,dob,address
1,Ralina,Grenfell,rgrenfell0@4shared.com,Agender,01/09/2000,
2,abc,Askem,saskem1@about.com,Female,05/06/2015,
3,Annabell,Mercey,amercey2@imgur.com,Female,06/04/2005,
4,Davina,McLoney,dmcloney3@shutterfly.com,Female,18/02/2009,
5,Creigh,Lehmann,clehmann4@cloudflare.com,Male,07/03/2004,
6,Niel,Kalinovich,nkalinovich5@youku.com,Male,08/06/2006,Skåne
7,Robers,Bourgourd,rbourgourd6@foxnews.com,Male,10/08/2018,
8,Almeria,Kermode,akermode7@artisteer.com,Female,30/08/2007,
9,Orland,Besset,obesset8@kickstarter.com,Male,13/11/2018,
10,Vassily,Mixer,vmixer9@java.com,Male,10/10/2006,
11,Nicky,Carrigan,ncarrigana@apache.org,Female,08/09/2002,
12,Rossie,Inggall,ringgallb@cam.ac.uk,Male,22/04/2010,Västra Götaland
13,Tonya,Drust,tdrustc@fastcompany.com,Female,27/06/2007,
14,Alyss,Blampey,ablampeyd@gov.uk,Non-binary,03/01/2005,
15,Erica,Colbeck,ecolbecke@cdc.gov,Female,06/03/2006,
16,Winnie,Pakeman,wpakemanf@toplist.cz,Male,11/08/2016,
17,Hedwig,Stroton,hstrotong@google.ca,Female,07/11/2003,
18,Keriann,Napoleone,knapoleoneh@ihg.com,Female,09/06/2006,Jalisco
19,Norton,Troop,ntroopi@walmart.com,Male,25/02/2009,
20,Lorrin,Hail,lhailj@webeden.co.uk,Female,27/02/2002,
21,Rikki,Schusterl,rschusterlk@w3.org,Bigender,30/12/2000,Niedersachsen
22,Damon,Crinion,dcrinionl@php.net,Male,15/07/2019,
23,Dollie,Seear,dseearm@livejournal.com,Female,16/01/2008,
24,Ronica,Lafond,rlafondn@sphinn.com,Female,28/06/2005,Provincie Noord-Holland
25,Chester,Jealous,cjealouso@furl.net,Male,22/08/2006,
26,Priscella,Hughill,phughillp@naver.com,Female,17/06/2002,
27,Lissa,Fairclough,lfaircloughq@epa.gov,Female,05/06/2015,
28,Freemon,Dissman,fdissmanr@google.nl,Male,30/12/2011,
29,Zorina,Battisson,zbattissons@sfgate.com,Female,01/12/2018,
30,Abagail,Brikner,abriknert@irs.gov,Female,01/07/2007,Île-de-France
31,Elie,Fensome,efensomeu@upenn.edu,Female,11/07/2019,
32,Maritsa,Curmi,mcurmiv@vkontakte.ru,Female,14/05/2009,
33,Fernande,Goudard,fgoudardw@youtube.com,Female,11/07/2005,
34,Tabby,Iddy,tiddyx@home.pl,Female,22/03/2002,Aragon
35,Lotta,McKennan,lmckennany@hc360.com,Female,09/02/2015,
36,Saba,Cessford,scessfordz@yellowbook.com,Female,06/12/2002,Île-de-France
37,Jourdain,Noirel,jnoirel10@businessweek.com,Agender,17/12/2012,
38,Donovan,Iffland,diffland11@friendfeed.com,Genderqueer,21/07/2005,
39,Vicki,Whittaker,vwhittaker12@indiegogo.com,Female,31/07/2003,
40,Sindee,Fippe,sfippe13@vk.com,Female,08/12/2007,
41,Raimondo,MacNeill,rmacneill14@ted.com,Male,30/11/2020,
42,Harris,Southward,hsouthward15@ezinearticles.com,Male,16/08/2005,
43,Harlan,Curnucke,hcurnucke16@xinhuanet.com,Male,24/10/2015,
44,Jacquelin,Langlais,jlanglais17@feedburner.com,Genderfluid,24/06/2005,
45,Dot,Craghead,dcraghead18@redcross.org,Female,24/06/2020,
46,Clarence,Mereweather,cmereweather19@va.gov,Genderfluid,14/08/2005,Budapest
47,Akim,Rolfini,arolfini1a@dyndns.org,Male,12/02/2001,
48,Maury,Liles,mliles1b@comsenz.com,Non-binary,14/11/2000,
49,Lev,Bernardo,lbernardo1c@opera.com,Male,24/02/2002,
50,Emelda,Jikylls,ejikylls1d@imgur.com,Female,27/05/2002,Texas
51,Saunderson,Oates,soates1e@sfgate.com,Genderqueer,19/01/2007,
52,Solomon,Enoksson,senoksson1f@nih.gov,Male,02/07/2002,
53,Oralie,Vell,ovell1g@dailymail.co.uk,Female,26/03/2003,Iowa
54,Cecile,Crain,ccrain1h@angelfire.com,Female,07/07/2001,
55,Tan,Hallt,thallt1i@va.gov,Male,07/12/2019,
56,Timothy,Giovanazzi,tgiovanazzi1j@bloglovin.com,Male,31/10/2019,
57,Daniella,Lunge,dlunge1k@engadget.com,Polygender,22/03/2006,
58,Judi,Pheasey,jpheasey1l@epa.gov,Female,01/08/2008,
59,Arabel,Orcott,aorcott1m@weibo.com,Female,26/03/2014,
60,Felicio,Bottlestone,fbottlestone1n@google.ru,Male,30/04/2008,Oaxaca
61,Mellisent,Tilt,mtilt1o@sciencedirect.com,Genderqueer,02/05/2000,
62,Cad,Shama,cshama1p@upenn.edu,Agender,03/04/2017,
63,Parnell,Raistrick,praistrick1q@goo.gl,Male,12/12/2014,
64,Mela,Rubinek,mrubinek1r@rakuten.co.jp,Female,13/08/2004,Guerrero
65,Jackquelin,Penfold,jpenfold1s@mac.com,Female,18/08/2017,
66,Cindie,Slack,cslack1t@redcross.org,Female,22/04/2002,
67,Sanders,Shepeard,sshepeard1u@hostgator.com,Male,07/04/2001,Örebro
68,Glynis,Swain,gswain1v@printfriendly.com,Female,14/07/2001,
69,Shannen,Tolumello,stolumello1w@com.com,Female,24/01/2018,
70,Dennie,Jenken,djenken1x@etsy.com,Polygender,04/03/2010,
71,Roseanne,Tredget,rtredget1y@ucoz.ru,Female,03/12/2011,
72,Rance,Rodmell,rrodmell1z@goo.gl,Male,25/01/2009,
73,Karalynn,Ponder,kponder20@cpanel.net,Female,01/08/2012,
74,Vitia,Hyett,vhyett21@mtv.com,Female,26/08/2017,
75,Nikolos,Castane,ncastane22@desdev.cn,Male,02/02/2019,
76,Fallon,Bolf,fbolf23@howstuffworks.com,Female,01/05/2012,
77,Keith,Matten,kmatten24@google.co.jp,Male,02/02/2015,
78,Shelley,Caldow,scaldow25@narod.ru,Female,06/09/2005,
79,Ive,Tullett,itullett26@vkontakte.ru,Male,08/12/2012,
80,Nissie,Clemow,nclemow27@businessinsider.com,Female,27/10/2002,
81,Cesare,Orritt,corritt28@tuttocitta.it,Male,05/04/2012,
82,Bernadina,Kraut,bkraut29@sogou.com,Female,05/10/2012,
83,Cassandre,Hannen,channen2a@chicagotribune.com,Polygender,22/01/2015,
84,Batsheva,McClory,bmcclory2b@flavors.me,Female,16/08/2001,
85,Shepard,Corbyn,scorbyn2c@dell.com,Bigender,07/02/2017,Poitou-Charentes
86,Tamarah,Sandal,tsandal2d@earthlink.net,Female,11/06/2001,
87,Fee,Barbrook,fbarbrook2e@timesonline.co.uk,Male,08/02/2006,
88,Prudy,Sambell,psambell2f@reuters.com,Female,26/02/2010,
89,Ulrike,Woollard,uwoollard2g@tripadvisor.com,Female,09/02/2008,
90,Oneida,Cleugher,ocleugher2h@about.me,Female,20/10/2009,
91,Hestia,Faltin,hfaltin2i@facebook.com,Female,02/06/2020,
92,Wash,Pettyfer,wpettyfer2j@usatoday.com,Male,13/03/2006,
93,Billie,Ovett,bovett2k@bloglines.com,Male,01/09/2005,
94,Willdon,Ringsell,wringsell2l@geocities.com,Male,16/07/2015,Bretagne
95,Shea,Maleham,smaleham2m@pinterest.com,Male,25/06/2009,
96,Ashley,Boake,aboake2n@icq.com,Female,04/05/2000,
97,Doti,De Blasiis,ddeblasiis2o@youtu.be,Female,25/06/2005,Värmland
98,Thaxter,Gillinghams,tgillinghams2p@si.edu,Male,15/07/2006,
99,Eberhard,Wisker,ewisker2q@msu.edu,Male,17/05/2011,
100,Sibby,Bazoge,sbazoge2r@sitemeter.com,Female,02/06/2006,
101,Joleen,Kingscote,jkingscote2s@icq.com,Female,19/09/2005,
102,Archibaldo,Nerger,anerger2t@bravesites.com,Male,26/10/2012,
103,Rahel,Kubiak,rkubiak2u@1688.com,Female,03/10/2015,
104,Brynn,Ciobotaru,bciobotaru2v@jiathis.com,Female,06/07/2010,
105,Kory,Lethby,klethby2w@deliciousdays.com,Male,31/01/2017,Virginia
106,Jerrie,Moulin,jmoulin2x@twitpic.com,Male,07/09/2013,
107,Jesse,Ambrozewicz,jambrozewicz2y@nps.gov,Female,06/02/2007,
108,Jorge,McNutt,jmcnutt2z@youtu.be,Male,04/03/2019,
109,Averell,Pinching,apinching30@webnode.com,Male,04/11/2015,
110,Desiree,Fellgatt,dfellgatt31@list-manage.com,Female,13/05/2001,
111,Domenico,Tiddeman,dtiddeman32@weebly.com,Male,19/03/2006,
112,Ardra,Gino,agino33@simplemachines.org,Female,09/08/2019,Braga
113,Myrle,Dacey,mdacey34@usa.gov,Female,27/09/2019,
114,Gaylene,Eke,geke35@disqus.com,Female,06/05/2005,
115,Ailee,Fentem,afentem36@studiopress.com,Female,25/10/2002,
116,Bordy,Ditchburn,bditchburn37@i2i.jp,Male,06/08/2020,
117,Dredi,Rittmeier,drittmeier38@patch.com,Female,26/11/2011,
118,Arluene,Leggat,aleggat39@yahoo.com,Female,30/09/2007,
119,Kirsti,Hackworthy,khackworthy3a@abc.net.au,Female,03/02/2010,
120,Ray,Olivello,rolivello3b@ovh.net,Non-binary,25/09/2002,
121,Shem,Ivanikov,sivanikov3c@dion.ne.jp,Male,21/07/2019,
122,Keefe,Churchouse,kchurchouse3d@state.gov,Genderqueer,26/10/2004,
123,Ailene,Kersting,akersting3e@reverbnation.com,Female,10/01/2012,
124,Kirby,Kiss,kkiss3f@studiopress.com,Male,14/01/2009,
125,Sherline,Morman,smorman3g@is.gd,Female,01/11/2014,
126,Kennie,Sivier,ksivier3h@shop-pro.jp,Male,16/06/2006,
127,Dame,McGerr,dmcgerr3i@g.co,Male,26/02/2016,
128,Ado,Rowsell,arowsell3j@github.io,Male,01/01/2016,
129,Isaak,Valentine,ivalentine3k@purevolume.com,Male,13/05/2015,
130,Gonzalo,Gosz,ggosz3l@addthis.com,Male,12/03/2003,
131,Lyndsey,Tointon,ltointon3m@etsy.com,Female,26/07/2015,
132,Ericha,Dripps,edripps3n@bloglovin.com,Female,07/01/2020,
133,Letisha,Winship,lwinship3o@uiuc.edu,Female,22/12/2016,
134,Amos,Durtnell,adurtnell3p@slideshare.net,Male,29/07/2003,
135,Cody,Saxelby,csaxelby3q@wikispaces.com,Male,31/01/2004,
136,Matilda,Widmore,mwidmore3r@digg.com,Female,23/11/2006,
137,Amerigo,Baumert,abaumert3s@topsy.com,Male,15/10/2010,
138,Dannie,Pagel,dpagel3t@umich.edu,Male,17/09/2008,Nord-Pas-de-Calais
139,Chic,Kitchinghan,ckitchinghan3u@google.es,Male,04/06/2000,
140,Lyon,Wiffill,lwiffill3v@nps.gov,Male,26/12/2012,
141,Deana,MacChaell,dmacchaell3w@tmall.com,Female,14/05/2019,
142,Nelly,Killgus,nkillgus3x@mashable.com,Female,11/04/2014,
143,Jolee,Wendover,jwendover3y@xrea.com,Female,18/08/2006,
144,Gay,Dalgety,gdalgety3z@ca.gov,Female,17/02/2019,
145,Lou,Brumble,lbrumble40@prnewswire.com,Polygender,12/11/2008,
146,Gale,Yvon,gyvon41@yellowbook.com,Non-binary,30/07/2016,Sonora
147,Janet,Epdell,jepdell42@theglobeandmail.com,Female,16/03/2019,Provence-Alpes-Côte d'Azur
148,Ardenia,Blodg,ablodg43@buzzfeed.com,Female,21/03/2016,
149,Alwyn,Pendered,apendered44@mail.ru,Male,05/06/2007,
150,Efren,Scotchmor,escotchmor45@seattletimes.com,Male,04/01/2000,
151,Drona,Swait,dswait46@nih.gov,Female,10/03/2003,
152,Sashenka,Juris,sjuris47@prnewswire.com,Female,06/04/2007,
153,Mildrid,Forrester,mforrester48@ask.com,Female,08/04/2016,
154,Andris,Mirfield,amirfield49@phoca.cz,Male,17/10/2012,
155,Brion,Alyukin,balyukin4a@ustream.tv,Male,25/01/2002,
156,Bibi,Rolfs,brolfs4b@dailymail.co.uk,Bigender,04/11/2010,
157,Garvy,Chamberlaine,gchamberlaine4c@live.com,Male,26/10/2013,
158,Hedi,Yokley,hyokley4d@census.gov,Female,24/03/2003,
159,Barrie,Hazel,bhazel4e@china.com.cn,Male,09/12/2006,
160,Roxi,Morgan,rmorgan4f@berkeley.edu,Female,19/09/2012,
161,Genny,Doog,gdoog4g@ning.com,Female,20/06/2013,
162,Antons,Brundall,abrundall4h@1und1.de,Male,17/02/2013,
163,Donny,Balcombe,dbalcombe4i@fc2.com,Male,31/05/2013,
164,Charleen,Coryndon,ccoryndon4j@independent.co.uk,Female,27/12/2018,
165,Pavia,Kiffe,pkiffe4k@linkedin.com,Female,16/05/2020,
166,Phedra,Kembrey,pkembrey4l@opensource.org,Genderqueer,05/01/2012,
167,Kally,Balham,kbalham4m@elegantthemes.com,Female,04/03/2001,
168,Diarmid,Gingel,dgingel4n@elegantthemes.com,Male,10/03/2004,
169,Jerry,Silberschatz,jsilberschatz4o@pbs.org,Female,24/08/2017,Putrajaya
170,Kevyn,Surmeyer,ksurmeyer4p@vinaora.com,Female,26/11/2011,
171,Clair,Poutress,cpoutress4q@prnewswire.com,Male,02/12/2019,
172,Roxy,Clissold,rclissold4r@list-manage.com,Genderqueer,27/12/2006,
173,Harriette,Reddle,hreddle4s@amazon.de,Female,15/03/2016,
174,Humbert,Chorlton,hchorlton4t@harvard.edu,Male,09/05/2003,
175,Rosabella,Langstone,rlangstone4u@artisteer.com,Female,04/07/2011,
176,Wilton,Alfonzo,walfonzo4v@un.org,Male,06/08/2000,
177,Wally,Dodd,wdodd4w@pagesperso-orange.fr,Male,30/09/2009,
178,Timmi,Dingley,tdingley4x@issuu.com,Female,02/07/2013,
179,Perla,Arch,parch4y@bizjournals.com,Female,19/08/2016,Skåne
180,Brook,Fink,bfink4z@printfriendly.com,Female,11/11/2010,
181,Talyah,Hansie,thansie50@whitehouse.gov,Female,30/07/2018,
182,Barrie,Cussons,bcussons51@ebay.co.uk,Male,03/05/2001,
183,Ira,Summerlad,isummerlad52@fema.gov,Male,28/08/2009,Virginia
184,Rozanna,Cossins,rcossins53@umn.edu,Agender,14/09/2006,
185,Benetta,Borwick,bborwick54@irs.gov,Female,01/04/2004,
186,Eleanore,Karpeev,ekarpeev55@ocn.ne.jp,Female,16/05/2018,
187,Diandra,Sancto,dsancto56@ustream.tv,Female,23/05/2018,
188,Ashley,Reagan,areagan57@prlog.org,Male,19/07/2018,
189,Lezlie,Bleakman,lbleakman58@altervista.org,Female,01/02/2003,
190,Theresa,Impett,timpett59@google.co.jp,Female,06/12/2009,
191,Janith,Capelin,jcapelin5a@cafepress.com,Female,28/07/2011,Santarém
192,Sadye,Twiddle,stwiddle5b@intel.com,Female,03/10/2002,
193,Valaria,MacIlwrick,vmacilwrick5c@imgur.com,Female,03/12/2013,
194,Myrna,Jenton,mjenton5d@purevolume.com,Female,05/10/2001,
195,Megan,Bushnell,mbushnell5e@tuttocitta.it,Female,24/05/2007,
196,Shannon,Venes,svenes5f@desdev.cn,Male,04/02/2017,
197,Beryle,Grimston,bgrimston5g@1und1.de,Female,03/04/2012,
198,Jobey,Franiak,jfraniak5h@jalbum.net,Female,29/10/2008,
199,Franzen,Thomtson,fthomtson5i@newsvine.com,Male,29/05/2018,
200,Kessiah,Ruffles,kruffles5j@blogtalkradio.com,Female,29/06/2014,
201,Cary,Yakov,cyakov5k@tripadvisor.com,Male,08/10/2006,
202,Kippie,Careswell,kcareswell5l@unblog.fr,Male,04/08/2012,
203,Nisse,Tarr,ntarr5m@sohu.com,Female,26/01/2011,
204,Lombard,Bavister,lbavister5n@free.fr,Male,23/01/2004,
205,Alano,Lared,alared5o@bloomberg.com,Male,16/06/2017,
206,Morley,Nulty,mnulty5p@businesswire.com,Male,11/11/2020,
207,Jyoti,Screaton,jscreaton5q@discovery.com,Female,04/11/2017,
208,Allene,Sabine,asabine5r@europa.eu,Female,11/01/2016,
209,Brynn,Harradine,bharradine5s@msn.com,Female,28/06/2017,
210,Gan,Oats,goats5t@cloudflare.com,Male,04/08/2009,
211,Giovanna,Hinzer,ghinzer5u@baidu.com,Female,27/08/2007,
212,Amelie,Mathy,amathy5v@wp.com,Female,19/08/2012,British Columbia
213,Domenic,Barthrop,dbarthrop5w@free.fr,Male,06/06/2001,
214,Hilly,Orcott,horcott5x@taobao.com,Male,15/12/2012,
215,Janaya,McDowall,jmcdowall5y@blogspot.com,Female,08/10/2003,
216,Dorian,Windas,dwindas5z@tripod.com,Female,11/09/2017,
217,Irwinn,Crosier,icrosier60@china.com.cn,Male,05/02/2009,
218,Deanne,Yuryaev,dyuryaev61@google.es,Female,06/03/2002,
219,Shea,Doull,sdoull62@blogspot.com,Male,02/03/2015,
220,Kellina,Witter,kwitter63@scientificamerican.com,Female,22/07/2004,
221,Blondy,Medcraft,bmedcraft64@imageshack.us,Female,29/03/2004,
222,Joseito,Staneland,jstaneland65@vinaora.com,Male,20/03/2019,
223,Anthony,Surpliss,asurpliss66@tripadvisor.com,Male,13/11/2010,
224,Agata,Fumagallo,afumagallo67@weibo.com,Female,21/02/2017,
225,Terrill,Greaterex,tgreaterex68@vistaprint.com,Male,24/08/2013,
226,Darcy,Blant,dblant69@bloglovin.com,Male,03/11/2019,
227,Faustina,Tomankowski,ftomankowski6a@mac.com,Female,10/07/2002,
228,Hadley,Turland,hturland6b@mapy.cz,Male,19/06/2002,
229,Teodorico,Piechnik,tpiechnik6c@patch.com,Male,09/03/2015,
230,Ardene,Borrill,aborrill6d@noaa.gov,Bigender,19/07/2003,Västra Götaland
231,Mord,Iwanicki,miwanicki6e@1und1.de,Male,31/07/2015,
232,Joly,Venturoli,jventuroli6f@mapy.cz,Female,15/07/2010,Rhône-Alpes
233,Nevil,Braundt,nbraundt6g@altervista.org,Male,20/06/2016,
234,Abra,Golton,agolton6h@reuters.com,Female,30/06/2015,
235,Jerrilee,Giampietro,jgiampietro6i@rakuten.co.jp,Female,26/08/2013,
236,Janka,Sallows,jsallows6j@jiathis.com,Polygender,08/09/2006,
237,Adlai,Pendry,apendry6k@amazon.com,Male,03/09/2015,Oaxaca
238,Sanders,Acum,sacum6l@tiny.cc,Male,10/08/2011,
239,Sandy,Vickarman,svickarman6m@boston.com,Female,12/12/2000,
240,Amos,Uttridge,auttridge6n@foxnews.com,Male,16/04/2009,
241,Brand,Agiolfinger,bagiolfinger6o@ox.ac.uk,Male,28/12/2008,Blekinge
242,Purcell,Simenet,psimenet6p@cbsnews.com,Male,13/05/2003,
243,Holly,Peabody,hpeabody6q@mysql.com,Male,21/11/2019,
244,Fara,Rollingson,frollingson6r@sina.com.cn,Female,14/07/2008,Porto
245,Israel,Fretter,ifretter6s@omniture.com,Male,26/03/2001,
246,Kiele,Beare,kbeare6t@nsw.gov.au,Female,19/12/2001,Île-de-France
247,Kitti,Farrow,kfarrow6u@nature.com,Genderfluid,30/11/2002,Connecticut
248,Huntley,Buffy,hbuffy6v@ucoz.ru,Male,16/08/2001,
249,Ebonee,Atwill,eatwill6w@over-blog.com,Polygender,16/04/2013,
250,Garvy,Hannum,ghannum6x@squarespace.com,Male,25/08/2007,
251,Cece,Pohling,cpohling6y@umich.edu,Male,20/10/2012,
252,Kylynn,Videler,kvideler6z@howstuffworks.com,Female,26/06/2010,
253,Brynn,Butlin,bbutlin70@hatena.ne.jp,Genderqueer,05/05/2010,
254,Aldon,Roloff,aroloff71@google.com.br,Male,18/12/2005,
255,Erin,Ickovici,eickovici72@auda.org.au,Female,26/07/2009,
256,Jesse,Jallin,jjallin73@wikispaces.com,Genderqueer,16/02/2014,
257,Gar,Matula,gmatula74@rambler.ru,Male,23/07/2020,
258,Maurise,Schmuhl,mschmuhl75@rakuten.co.jp,Male,12/08/2011,
259,Joelynn,Rubert,jrubert76@baidu.com,Female,10/06/2011,
260,Carlynne,Cardon,ccardon77@ning.com,Female,30/06/2004,
261,Kanya,Flockhart,kflockhart78@csmonitor.com,Female,12/08/2009,
262,Amelia,Palatini,apalatini79@toplist.cz,Female,23/03/2019,
263,Issiah,Takos,itakos7a@w3.org,Male,30/06/2017,
264,Birgitta,Glennon,bglennon7b@blogger.com,Female,23/07/2003,
265,Teador,Franc,tfranc7c@zimbio.com,Male,13/09/2000,Santarém
266,Griselda,Scimoni,gscimoni7d@skype.com,Female,20/04/2006,
267,Hurleigh,Richemont,hrichemont7e@blinklist.com,Male,05/07/2018,
268,Mirabelle,Lissenden,mlissenden7f@intel.com,Female,04/07/2016,
269,Sheffy,Pirolini,spirolini7g@vimeo.com,Male,08/07/2002,
270,Rand,Hyne,rhyne7h@mediafire.com,Male,03/07/2014,
271,Russ,Mauro,rmauro7i@indiatimes.com,Male,14/08/2020,
272,Ruddie,Gebb,rgebb7j@skype.com,Male,07/11/2013,
273,Rafferty,Allder,rallder7k@unesco.org,Male,15/10/2013,Arizona
274,Cal,Snary,csnary7l@e-recht24.de,Male,02/02/2004,
275,Clarette,Zupone,czupone7m@dmoz.org,Female,20/06/2004,
276,Devora,Tofpik,dtofpik7n@google.co.uk,Female,06/12/2000,
277,Lorinda,Bickardike,lbickardike7o@arstechnica.com,Female,17/05/2014,Île-de-France
278,Tabby,Pennoni,tpennoni7p@blogtalkradio.com,Male,13/12/2007,
279,Leupold,Wethey,lwethey7q@apple.com,Male,28/01/2004,
280,Babbette,Huskinson,bhuskinson7r@ebay.co.uk,Female,18/10/2017,
281,Dori,Beaulieu,dbeaulieu7s@networkadvertising.org,Female,28/05/2000,
282,Benton,Cerie,bcerie7t@yale.edu,Male,07/09/2018,
283,Tobe,Kosiada,tkosiada7u@jigsy.com,Male,29/03/2015,
284,Markus,Cockton,mcockton7v@wsj.com,Male,10/07/2019,
285,Filberte,Ruberry,fruberry7w@ftc.gov,Male,27/09/2020,
286,Basil,Brunotti,bbrunotti7x@google.de,Male,09/06/2007,
287,Hobie,Wenger,hwenger7y@amazon.co.uk,Male,07/02/2020,
288,Carr,Roullier,croullier7z@about.com,Male,02/02/2007,
289,Annetta,Lamers,alamers80@clickbank.net,Female,27/03/2014,
290,Sutton,Putten,sputten81@kickstarter.com,Male,10/10/2019,
291,Guenna,MacKibbon,gmackibbon82@constantcontact.com,Female,15/11/2020,
292,Ermina,Itzhaki,eitzhaki83@1und1.de,Female,01/02/2017,
293,Kilian,Garfoot,kgarfoot84@soundcloud.com,Male,22/03/2004,Washington
294,Delora,Kindread,dkindread85@nih.gov,Female,28/05/2009,
295,Merry,Moncreiffe,mmoncreiffe86@live.com,Male,16/07/2002,
296,Merwin,Brimicombe,mbrimicombe87@si.edu,Male,18/01/2013,
297,Fred,Dumphries,fdumphries88@foxnews.com,Female,16/05/2014,
298,Bale,Spollen,bspollen89@usda.gov,Male,09/11/2009,
299,Jo ann,Woodstock,jwoodstock8a@cbsnews.com,Female,16/03/2010,Oklahoma
300,Sharona,Beveridge,sbeveridge8b@paypal.com,Female,02/10/2010,
301,Hadlee,Pentycost,hpentycost8c@unblog.fr,Male,03/04/2011,
302,Baird,Pargent,bpargent8d@devhub.com,Male,20/02/2015,
303,Gordon,Meaney,gmeaney8e@intel.com,Male,27/02/2019,
304,Sigrid,Eastcourt,seastcourt8f@topsy.com,Female,12/10/2001,
305,Linea,Matchett,lmatchett8g@businessweek.com,Female,19/05/2001,
306,Darelle,Winkworth,dwinkworth8h@oracle.com,Female,11/05/2000,
307,Christina,Duley,cduley8i@ted.com,Female,08/06/2005,Pays de la Loire
308,Adolpho,Skrine,askrine8j@mozilla.org,Agender,07/10/2014,
309,Brucie,Chessum,bchessum8k@rakuten.co.jp,Male,17/10/2011,
310,Norri,Hairsnape,nhairsnape8l@nih.gov,Female,05/11/2001,
311,Kippy,Grouer,kgrouer8m@sohu.com,Male,04/04/2002,Lombardia
312,Devondra,Siveyer,dsiveyer8n@blogs.com,Female,06/06/2011,
313,Gustavus,Simpkins,gsimpkins8o@opera.com,Male,21/07/2002,
314,Kippar,McTrustey,kmctrustey8p@cnbc.com,Male,13/07/2019,
315,Elwyn,Buggs,ebuggs8q@icq.com,Male,25/11/2015,
316,Ricca,Cambden,rcambden8r@cmu.edu,Female,07/03/2015,
317,Keely,Ply,kply8s@google.com.au,Female,19/02/2013,
318,Milli,Backshill,mbackshill8t@nyu.edu,Female,10/07/2004,Berlin
319,Barnaby,Calderon,bcalderon8u@newyorker.com,Male,21/11/2006,
320,Ahmad,Bewfield,abewfield8v@discovery.com,Genderqueer,18/06/2004,
321,Noach,Eberlein,neberlein8w@walmart.com,Male,16/02/2017,District of Columbia
322,Dorie,Zanettini,dzanettini8x@nytimes.com,Female,27/09/2012,Tamaulipas
323,Jake,Smitten,jsmitten8y@indiatimes.com,Male,02/05/2016,
324,Humphrey,Salkeld,hsalkeld8z@gov.uk,Non-binary,01/10/2015,
325,Celestine,Yakov,cyakov90@tripod.com,Female,01/06/2013,Picardie
326,Marwin,McCrory,mmccrory91@google.ca,Male,30/09/2015,
327,Corny,Bailey,cbailey92@photobucket.com,Female,24/08/2007,British Columbia
328,Lissy,Dewire,ldewire93@rediff.com,Female,19/06/2010,Hordaland
329,Mortimer,Duck,mduck94@meetup.com,Male,08/09/2005,
330,Fransisco,Bolstridge,fbolstridge95@facebook.com,Male,20/06/2013,
331,Cory,Sprason,csprason96@princeton.edu,Female,24/11/2016,
332,Jude,Brisse,jbrisse97@alibaba.com,Male,05/05/2014,
333,Davin,Bream,dbream98@angelfire.com,Male,08/10/2003,
334,Letty,Kopman,lkopman99@europa.eu,Female,06/11/2020,
335,Brenden,Woolpert,bwoolpert9a@princeton.edu,Male,03/03/2006,
336,Cullan,Lilloe,clilloe9b@youtube.com,Male,14/06/2005,District of Columbia
337,Sally,Mac Geaney,smacgeaney9c@booking.com,Female,24/10/2017,
338,Deborah,Hasely,dhasely9d@canalblog.com,Female,10/01/2010,Örebro
339,Pepe,Niessen,pniessen9e@google.fr,Male,12/11/2012,
340,Jacques,Yashanov,jyashanov9f@youtube.com,Male,14/07/2006,
341,Kissie,Gloucester,kgloucester9g@tinypic.com,Female,28/09/2009,
342,Keane,Passby,kpassby9h@ycombinator.com,Male,12/08/2001,
343,Dunn,Ambler,dambler9i@rambler.ru,Male,04/02/2016,
344,Chlo,Padilla,cpadilla9j@weibo.com,Female,12/10/2015,
345,Francesca,Salsbury,fsalsbury9k@51.la,Female,11/11/2006,
346,Melany,Spurryer,mspurryer9l@admin.ch,Female,21/06/2000,
347,Alvin,Saturley,asaturley9m@ycombinator.com,Male,17/11/2019,
348,Maurine,Carl,mcarl9n@bbc.co.uk,Female,13/09/2020,
349,Allison,Hudspeth,ahudspeth9o@springer.com,Female,08/09/2004,
350,Hewett,Garred,hgarred9p@oakley.com,Male,17/11/2008,
351,Hedda,Habbergham,hhabbergham9q@yolasite.com,Female,07/02/2014,
352,Bear,Lambertazzi,blambertazzi9r@tumblr.com,Male,02/04/2005,Jämtland
353,Dania,Evens,devens9s@deviantart.com,Female,01/02/2001,
354,Ali,Waller,awaller9t@google.com.br,Male,24/10/2007,Tamaulipas
355,Quincey,Dellenbrok,qdellenbrok9u@oracle.com,Male,27/07/2011,
356,Korney,Teck,kteck9v@chicagotribune.com,Female,23/11/2018,
357,Deane,Stallibrass,dstallibrass9w@printfriendly.com,Male,18/09/2014,
358,Vale,Bending,vbending9x@ehow.com,Female,16/05/2019,
359,Darya,Synke,dsynke9y@smh.com.au,Female,22/04/2011,
360,Arney,Fante,afante9z@foxnews.com,Polygender,04/09/2009,
361,Nikola,Scholz,nscholza0@t.co,Male,28/02/2015,
362,Nicole,Fortie,nfortiea1@jigsy.com,Polygender,16/03/2009,
363,Dwight,Dellenbrook,ddellenbrooka2@nhs.uk,Male,30/03/2003,
364,Nikolaos,Ortzen,nortzena3@latimes.com,Male,14/05/2011,
365,Carly,Bierling,cbierlinga4@loc.gov,Male,14/09/2008,
366,Corliss,Guilloneau,cguilloneaua5@parallels.com,Female,19/06/2019,
367,Ardelia,Studart,astudarta6@paginegialle.it,Female,01/07/2003,Budapest
368,Umeko,Masterson,umastersona7@hhs.gov,Female,01/07/2015,
369,Raquela,Krug,rkruga8@hao123.com,Female,18/01/2000,
370,Maxwell,Keigher,mkeighera9@altervista.org,Male,26/06/2006,
371,Martica,Cowcha,mcowchaaa@opensource.org,Non-binary,07/05/2018,Sonora
372,Willi,Rankling,wranklingab@goo.gl,Male,12/05/2017,
373,Rakel,Satchell,rsatchellac@ftc.gov,Female,26/12/2010,
374,Stephenie,Tidcombe,stidcombead@tumblr.com,Female,11/01/2001,
375,Chrysa,Sirmond,csirmondae@unicef.org,Female,04/05/2002,Stockholm
376,Ellissa,Ossipenko,eossipenkoaf@shareasale.com,Female,02/09/2002,
377,Ellie,Jovicic,ejovicicag@tumblr.com,Female,29/10/2003,
378,Lucilia,Herion,lherionah@nifty.com,Female,02/02/2006,
379,Jennette,Grellier,jgrellierai@opera.com,Female,02/10/2016,
380,Sydelle,Coleford,scolefordaj@canalblog.com,Female,16/03/2013,
381,Hadria,Sherr,hsherrak@blogtalkradio.com,Female,28/08/2020,
382,Elinor,Pristnor,epristnoral@altervista.org,Female,30/11/2009,
383,Anna-diane,Joynson,ajoynsonam@yellowbook.com,Female,08/12/2001,
384,Derward,Freebury,dfreeburyan@skype.com,Male,11/02/2018,
385,Flory,Montgomery,fmontgomeryao@qq.com,Male,13/10/2009,
386,Aron,Eskrigge,aeskriggeap@vkontakte.ru,Male,23/11/2002,
387,Irene,Upward,iupwardaq@barnesandnoble.com,Female,24/09/2010,Guerrero
388,Marylee,Dosdell,mdosdellar@vistaprint.com,Non-binary,12/11/2015,Sinaloa
389,Agace,Sikorski,asikorskias@google.co.uk,Female,20/02/2009,
390,Malina,Ferentz,mferentzat@wsj.com,Female,21/08/2007,
391,Claudius,Shergill,cshergillau@ucoz.ru,Male,02/09/2016,
392,Roda,Farrington,rfarringtonav@cpanel.net,Female,14/12/2019,Guarda
393,Aline,Minty,amintyaw@businessweek.com,Female,27/06/2001,
394,Clarinda,Renals,crenalsax@icio.us,Female,09/02/2010,
395,Blake,Dunmore,bdunmoreay@wisc.edu,Female,28/03/2004,
396,Kippy,Blatchford,kblatchfordaz@patch.com,Female,06/01/2016,
397,Lara,Ninnis,lninnisb0@army.mil,Female,11/06/2006,
398,Preston,Jedrzejewsky,pjedrzejewskyb1@wisc.edu,Male,15/02/2006,
399,Chiquita,Theis,ctheisb2@mayoclinic.com,Female,07/12/2012,
400,Garrett,Pears,gpearsb3@spiegel.de,Agender,13/10/2002,
401,Tanitansy,Grellier,tgrellierb4@telegraph.co.uk,Female,05/09/2008,
402,Marijo,Goundrill,mgoundrillb5@wisc.edu,Female,02/05/2001,
403,Blondie,Grzeszczyk,bgrzeszczykb6@spiegel.de,Female,14/06/2005,
404,Forbes,Petrosian,fpetrosianb7@chronoengine.com,Male,15/11/2008,Viana do Castelo
405,Katharine,Huburn,khuburnb8@cbc.ca,Female,13/03/2014,
406,Ajay,Shyram,ashyramb9@seesaa.net,Female,23/06/2015,
407,Bentley,Matyasik,bmatyasikba@soup.io,Male,25/08/2006,
408,Vonnie,Hartzogs,vhartzogsbb@guardian.co.uk,Female,18/02/2015,
409,Micheal,Thorp,mthorpbc@dedecms.com,Male,22/01/2006,
410,Arlinda,Crippell,acrippellbd@timesonline.co.uk,Genderqueer,02/03/2019,
411,Jemmie,Honeyghan,jhoneyghanbe@posterous.com,Female,19/05/2000,
412,Bevvy,Fludder,bfludderbf@utexas.edu,Female,30/04/2014,
413,Carver,Judkin,cjudkinbg@blinklist.com,Bigender,23/10/2006,Region Hovedstaden
414,Thaine,Northing,tnorthingbh@homestead.com,Male,25/06/2012,
415,Jonathan,Jirick,jjirickbi@opera.com,Male,14/05/2011,
416,Biron,Gorger,bgorgerbj@yahoo.co.jp,Male,14/03/2000,Ilha de São Miguel
417,Rockie,Truggian,rtruggianbk@posterous.com,Male,26/07/2016,
418,Romona,Fetherston,rfetherstonbl@china.com.cn,Female,20/10/2005,
419,Roderich,Abbis,rabbisbm@squidoo.com,Male,10/03/2011,
420,Rawley,Utterson,ruttersonbn@forbes.com,Male,26/05/2014,
421,Kassie,Barneville,kbarnevillebo@cloudflare.com,Female,29/11/2007,
422,Averil,Neil,aneilbp@reddit.com,Female,02/08/2003,
423,Berna,Kalinovich,bkalinovichbq@addtoany.com,Female,01/08/2009,
424,Salaidh,Almack,salmackbr@fastcompany.com,Female,09/06/2002,
425,Roselia,Courtese,rcourtesebs@reddit.com,Female,03/12/2015,
426,Diannne,Treherne,dtrehernebt@twitter.com,Female,07/11/2017,Stockholm
427,Garland,Petras,gpetrasbu@twitter.com,Female,27/10/2006,
428,Leyla,Leon,lleonbv@gnu.org,Female,14/08/2004,
429,Terrence,Brandham,tbrandhambw@wordpress.org,Male,06/12/2005,
430,Armand,Naper,anaperbx@dell.com,Male,04/11/2020,
431,Kim,Andreazzi,kandreazziby@usnews.com,Bigender,05/05/2010,
432,Hermia,Mitchard,hmitchardbz@timesonline.co.uk,Genderfluid,07/03/2011,
433,Mile,Peeters,mpeetersc0@cisco.com,Male,05/10/2003,
434,Donica,Gladebeck,dgladebeckc1@unicef.org,Female,31/05/2002,
435,Lev,Darrigrand,ldarrigrandc2@umn.edu,Male,21/09/2004,
436,Devy,Bene,dbenec3@ft.com,Bigender,26/11/2013,Örebro
437,Corrie,Masham,cmashamc4@tumblr.com,Female,16/01/2010,
438,Bryn,Willshaw,bwillshawc5@timesonline.co.uk,Male,11/06/2005,
439,Merlina,Jurges,mjurgesc6@privacy.gov.au,Female,20/02/2017,
440,Evin,Shermore,eshermorec7@salon.com,Male,18/10/2012,
441,Helga,Burthom,hburthomc8@mapy.cz,Female,24/10/2020,
442,Morissa,Clethro,mclethroc9@zimbio.com,Female,21/08/2014,
443,Gwenneth,Triplow,gtriplowca@indiatimes.com,Female,06/12/2003,
444,Kania,Crowcroft,kcrowcroftcb@sciencedirect.com,Female,01/01/2012,
445,Gerik,Dibbin,gdibbincc@icq.com,Male,14/08/2000,
446,Nicoline,Jacobowitz,njacobowitzcd@yellowpages.com,Female,08/06/2009,
447,Fredelia,Letherbury,fletherburyce@biglobe.ne.jp,Female,20/09/2014,Norrbotten
448,Jasmine,Holdren,jholdrencf@irs.gov,Female,02/12/2012,
449,Mannie,Feehery,mfeeherycg@hugedomains.com,Male,10/04/2018,
450,Coretta,Mapes,cmapesch@fema.gov,Female,10/01/2018,
451,Vida,Lumbers,vlumbersci@cnbc.com,Female,20/09/2002,
452,Nicolis,Waghorne,nwaghornecj@163.com,Male,15/03/2009,
453,Hugh,Ortes,hortesck@w3.org,Male,31/03/2018,
454,Skye,Bernier,sberniercl@flickr.com,Bigender,10/02/2008,
455,Bald,Whitehair,bwhitehaircm@gizmodo.com,Male,21/12/2008,
456,Sidonia,Dibner,sdibnercn@deviantart.com,Female,18/12/2005,
457,Lenore,Sibthorpe,lsibthorpeco@tripod.com,Female,05/11/2015,
458,Ravid,Row,rrowcp@multiply.com,Male,28/03/2015,
459,Terrijo,Frickey,tfrickeycq@delicious.com,Female,11/08/2018,
460,Jaine,Styant,jstyantcr@php.net,Female,10/02/2012,Île-de-France
461,Marsh,Troman,mtromancs@vkontakte.ru,Male,24/01/2006,
462,Merrily,Deekes,mdeekesct@imageshack.us,Female,06/07/2015,
463,Goldia,Tschursch,gtschurschcu@about.com,Female,03/12/2008,
464,Palm,Grob,pgrobcv@wikimedia.org,Male,31/10/2002,
465,Temp,Brunicke,tbrunickecw@skyrock.com,Male,29/12/2004,
466,Benji,Alldred,balldredcx@examiner.com,Male,21/10/2010,
467,Ginevra,Kunze,gkunzecy@mlb.com,Female,17/08/2017,
468,Wayne,Belverstone,wbelverstonecz@pen.io,Male,05/06/2019,
469,Cointon,Coulthard,ccoulthardd0@unblog.fr,Male,10/08/2000,
470,Norby,Shoulder,nshoulderd1@economist.com,Male,22/02/2020,
471,Rutger,Chessun,rchessund2@smh.com.au,Male,05/05/2014,
472,Nata,Haslewood,nhaslewoodd3@berkeley.edu,Polygender,21/04/2008,
473,Lucais,Cremen,lcremend4@yahoo.com,Polygender,29/01/2015,
474,Wini,Sturney,wsturneyd5@ustream.tv,Female,17/03/2007,
475,Maddie,Ravilus,mravilusd6@dot.gov,Female,21/10/2001,Umbria
476,Gavin,Ornillos,gornillosd7@cornell.edu,Male,13/10/2019,
477,Evy,Donoher,edonoherd8@51.la,Female,16/04/2015,California
478,Sammy,Dach,sdachd9@fotki.com,Male,13/04/2017,
479,Elie,Goby,egobyda@ca.gov,Female,07/09/2008,
480,Nalani,Udall,nudalldb@yellowpages.com,Female,12/12/2020,
481,Clayton,Ditzel,cditzeldc@mlb.com,Male,23/12/2003,
482,Chrisse,Biasotti,cbiasottidd@i2i.jp,Male,17/09/2010,Saskatchewan
483,Cornie,Mackstead,cmacksteadde@g.co,Male,27/11/2010,
484,Faith,Cadamy,fcadamydf@hc360.com,Female,12/06/2020,
485,Marshal,Brecknock,mbrecknockdg@youtu.be,Male,13/09/2014,Porto
486,Eldin,Midner,emidnerdh@trellian.com,Male,02/04/2016,Stockholm
487,Masha,Gaskin,mgaskindi@myspace.com,Female,20/02/2013,
488,Leshia,Sapauton,lsapautondj@guardian.co.uk,Female,03/10/2004,
489,Lorelle,Ruddy,lruddydk@dot.gov,Female,15/04/2020,Washington
490,Frazier,Bathow,fbathowdl@so-net.ne.jp,Male,12/03/2010,
491,Elwira,Bedminster,ebedminsterdm@mysql.com,Female,02/05/2005,
492,Gale,Le Fleming,gleflemingdn@accuweather.com,Male,07/10/2009,
493,Eveleen,Cuthbert,ecuthbertdo@earthlink.net,Female,14/11/2008,
494,Salvidor,MacConnel,smacconneldp@e-recht24.de,Genderfluid,06/02/2005,
495,Devora,Readie,dreadiedq@wordpress.org,Female,11/04/2012,Niedersachsen
496,Elroy,Edmondson,eedmondsondr@edublogs.org,Male,24/05/2020,Lisboa
497,Pasquale,Di Biasio,pdibiasiods@desdev.cn,Male,26/01/2011,
498,Dody,Cleghorn,dcleghorndt@typepad.com,Female,19/08/2002,
499,Baillie,Rawlcliffe,brawlcliffedu@squidoo.com,Male,24/03/2019,
500,Irving,Ciobutaru,iciobutarudv@google.com,Genderqueer,18/03/2009,
501,Tabitha,Clinkard,tclinkarddw@mediafire.com,Female,08/11/2001,
502,Colver,Warn,cwarndx@posterous.com,Male,03/02/2020,
503,Olivia,Couves,ocouvesdy@hibu.com,Bigender,30/04/2006,
504,Judy,Gibbetts,jgibbettsdz@time.com,Female,17/07/2016,
505,Dimitri,Sinden,dsindene0@ft.com,Male,02/09/2006,
506,Kearney,Lothean,klotheane1@sun.com,Male,23/02/2008,Poitou-Charentes
507,Rolf,Ciccotto,rciccottoe2@alexa.com,Non-binary,21/06/2020,
508,Parnell,Folkerd,pfolkerde3@joomla.org,Male,11/05/2011,Viana do Castelo
509,Opal,Brimble,obrimblee4@elpais.com,Female,06/04/2014,Norrbotten
510,Howey,Glanester,hglanestere5@myspace.com,Male,29/12/2012,
511,Lotte,Meiklem,lmeikleme6@people.com.cn,Female,27/01/2016,
512,Abra,Yashnov,ayashnove7@slideshare.net,Female,19/01/2014,
513,Keeley,Shattock,kshattocke8@jimdo.com,Female,30/11/2009,
514,Marlane,Meade,mmeadee9@lulu.com,Female,15/01/2004,Île-de-France
515,Torrance,Filinkov,tfilinkovea@mysql.com,Male,26/08/2017,
516,Delcine,Perfili,dperfilieb@cnet.com,Female,01/07/2008,
517,Teresa,Chadderton,tchaddertonec@exblog.jp,Non-binary,29/07/2018,
518,Mitzi,Agate,magateed@google.de,Female,18/09/2018,
519,Udell,Rhodes,urhodesee@zdnet.com,Male,11/07/2013,
520,Donnie,Meiningen,dmeiningenef@twitter.com,Female,14/04/2000,Minnesota
521,Oliy,Domenget,odomengeteg@go.com,Female,09/11/2020,
522,Hanny,Radborn,hradborneh@springer.com,Female,22/11/2002,
523,Dolly,Cowitz,dcowitzei@umn.edu,Agender,10/02/2011,Skåne
524,Alvera,Messer,amesserej@g.co,Female,29/04/2019,
525,Wilhelm,Ryles,wrylesek@usnews.com,Male,05/12/2004,
526,Antonella,Cowdroy,acowdroyel@mapquest.com,Female,20/12/2006,
527,Fredrika,Agglione,fagglioneem@creativecommons.org,Female,21/05/2003,
528,Trish,Ragsdale,tragsdaleen@ucsd.edu,Female,16/07/2005,
529,Concettina,Lysaght,clysaghteo@google.de,Female,28/12/2013,
530,Scottie,Bramley,sbramleyep@narod.ru,Male,04/01/2009,
531,Gabi,Roast,groasteq@cbsnews.com,Male,30/05/2014,
532,Carter,Kears,ckearser@dyndns.org,Male,16/06/2009,
533,Henka,Ghidetti,hghidetties@dailymotion.com,Female,07/11/2001,
534,Briny,Damarell,bdamarellet@reddit.com,Female,07/06/2020,
535,Archaimbaud,McGrudder,amcgruddereu@dailymotion.com,Male,01/08/2008,
536,Jeff,Hainge,jhaingeev@usgs.gov,Male,24/07/2012,Wallonie
537,Darrel,Midgely,dmidgelyew@trellian.com,Male,17/05/2000,
538,Shelba,Vardy,svardyex@china.com.cn,Female,24/03/2003,New South Wales
539,Burke,Niezen,bniezeney@clickbank.net,Genderfluid,07/03/2013,
540,Mata,Sondon,msondonez@devhub.com,Male,11/11/2020,
541,Mischa,Woolmer,mwoolmerf0@odnoklassniki.ru,Male,05/01/2011,
542,Devin,Bedle,dbedlef1@bluehost.com,Female,15/04/2012,
543,Bradney,Markova,bmarkovaf2@ezinearticles.com,Male,30/12/2016,
544,Meghann,Jaumet,mjaumetf3@topsy.com,Female,22/11/2011,
545,Cathee,Brydson,cbrydsonf4@usgs.gov,Female,16/03/2001,
546,Brennan,De Clairmont,bdeclairmontf5@mozilla.com,Male,22/12/2007,
547,Jodee,Downey,jdowneyf6@zimbio.com,Female,17/05/2004,
548,Vania,Litton,vlittonf7@seesaa.net,Female,17/05/2018,
549,Juli,Sinclaire,jsinclairef8@about.me,Female,02/04/2010,
550,Dacia,Nobes,dnobesf9@domainmarket.com,Female,07/05/2020,
551,Immanuel,Seavers,iseaversfa@wisc.edu,Male,09/01/2014,
552,Garey,Woodburn,gwoodburnfb@washington.edu,Male,17/01/2020,
553,Claiborne,Tratton,ctrattonfc@ucoz.com,Male,14/12/2006,
554,Erika,Albro,ealbrofd@pen.io,Female,17/02/2007,
555,Dedie,De Bell,ddebellfe@4shared.com,Female,02/10/2012,Gujarat
556,Oby,Stuehmeyer,ostuehmeyerff@homestead.com,Male,23/04/2013,
557,Talyah,Bickerton,tbickertonfg@example.com,Female,27/04/2007,
558,Kirsteni,Durrance,kdurrancefh@imgur.com,Female,20/07/2010,
559,Franklyn,Minnis,fminnisfi@is.gd,Male,18/08/2003,
560,Torrance,Kyncl,tkynclfj@narod.ru,Male,25/09/2014,
561,Kristyn,Titmarsh,ktitmarshfk@miitbeian.gov.cn,Female,12/10/2003,
562,Latrena,McClinton,lmcclintonfl@yahoo.co.jp,Female,22/05/2009,
563,Ermin,Ceaser,eceaserfm@godaddy.com,Male,28/07/2010,
564,Rodolph,Lahive,rlahivefn@vistaprint.com,Male,28/11/2002,
565,Lodovico,Lindblom,llindblomfo@bizjournals.com,Male,07/10/2010,
566,Amber,Da Costa,adacostafp@plala.or.jp,Agender,17/11/2007,
567,Hobart,Kernermann,hkernermannfq@who.int,Male,04/02/2020,
568,Colene,Orris,corrisfr@goodreads.com,Female,28/08/2001,
569,Flo,Milner,fmilnerfs@npr.org,Female,05/12/2015,
570,Avrom,Blyth,ablythft@seattletimes.com,Male,09/06/2010,
571,Haydon,Fleming,hflemingfu@spotify.com,Male,02/05/2009,
572,Marlyn,Gilliard,mgilliardfv@360.cn,Female,13/04/2016,
573,Buiron,Attaway,battawayfw@engadget.com,Male,07/12/2004,Colorado
574,Renell,Vasyukhichev,rvasyukhichevfx@senate.gov,Female,06/11/2013,
575,Swen,Pennaman,spennamanfy@meetup.com,Male,10/11/2009,
576,Cathrine,Beirne,cbeirnefz@google.it,Female,27/02/2009,
577,Lancelot,Hampton,lhamptong0@imageshack.us,Male,31/05/2006,
578,Jerrie,Penreth,jpenrethg1@linkedin.com,Male,04/01/2011,
579,Damara,Tunnick,dtunnickg2@columbia.edu,Female,08/08/2008,Sor-Trondelag
580,Robbin,Burger,rburgerg3@a8.net,Female,10/01/2015,
581,Sandi,Impson,simpsong4@mail.ru,Female,08/07/2011,
582,Maryann,Layman,mlaymang5@youku.com,Female,18/01/2016,
583,Debbi,Sagerson,dsagersong6@mtv.com,Female,27/11/2010,
584,Sandye,Chritchley,schritchleyg7@eventbrite.com,Female,08/11/2019,Oslo
585,Marlane,Mintoft,mmintoftg8@i2i.jp,Female,12/09/2006,
586,Finley,Kempster,fkempsterg9@lycos.com,Male,11/12/2000,
587,Darcy,Brundill,dbrundillga@reuters.com,Male,04/02/2010,
588,Euphemia,Fudge,efudgegb@photobucket.com,Female,25/07/2001,
589,Garrott,Hardaker,ghardakergc@jugem.jp,Male,11/04/2020,
590,Carlynne,Sowood,csowoodgd@vinaora.com,Female,17/10/2015,
591,Ronnie,Tuddenham,rtuddenhamge@so-net.ne.jp,Male,12/09/2003,
592,Meredeth,Lies,mliesgf@furl.net,Male,01/09/2018,
593,Marji,Steeples,msteeplesgg@squidoo.com,Female,18/12/2005,
594,Erminia,Joliffe,ejoliffegh@nhs.uk,Female,04/09/2007,
595,Cosimo,Beckerleg,cbeckerleggi@berkeley.edu,Male,04/11/2013,
596,Margareta,Penhalewick,mpenhalewickgj@techcrunch.com,Female,31/01/2007,
597,Luisa,Troubridge,ltroubridgegk@rakuten.co.jp,Female,16/08/2010,
598,Zollie,Dawtrey,zdawtreygl@spiegel.de,Male,14/03/2019,
599,Kingsley,Mellenby,kmellenbygm@live.com,Polygender,21/05/2003,
600,Carina,Abrami,cabramign@fastcompany.com,Agender,23/05/2011,
601,Toma,Roper,tropergo@smugmug.com,Female,23/11/2019,
602,Consolata,Conningham,cconninghamgp@gravatar.com,Female,14/10/2012,
603,Bayard,Bruyet,bbruyetgq@icio.us,Male,12/11/2007,Västra Götaland
604,Michael,Lars,mlarsgr@dot.gov,Male,14/06/2020,
605,Michel,Trench,mtrenchgs@huffingtonpost.com,Male,03/05/2007,
606,Carissa,Winfred,cwinfredgt@narod.ru,Female,03/04/2006,
607,Jessamine,Misken,jmiskengu@newyorker.com,Female,07/01/2019,
608,Merralee,Agate,magategv@ezinearticles.com,Bigender,19/09/2011,
609,Luci,Goncalo,lgoncalogw@google.ca,Female,14/07/2010,
610,Kris,Russon,krussongx@kickstarter.com,Female,20/05/2018,
611,Gabe,Pallister,gpallistergy@goodreads.com,Male,15/03/2008,
612,Lesli,Barling,lbarlinggz@hugedomains.com,Female,08/06/2020,
613,Karyn,Haldenby,khaldenbyh0@i2i.jp,Female,17/01/2019,
614,Shantee,Halson,shalsonh1@globo.com,Bigender,07/06/2011,
615,Constantine,Mandres,cmandresh2@sbwire.com,Female,11/02/2019,
616,Licha,Kirtley,lkirtleyh3@house.gov,Female,28/06/2011,
617,Arabela,Pinchen,apinchenh4@loc.gov,Female,08/08/2019,
618,Nerta,Kirsch,nkirschh5@berkeley.edu,Female,02/01/2015,
619,Sheppard,Stoakley,sstoakleyh6@npr.org,Male,16/12/2003,
620,Sibel,Hassett,shassetth7@baidu.com,Female,08/07/2004,
621,Astrix,Wherrit,awherrith8@mac.com,Female,10/07/2004,Stockholm
622,Elbertine,Tipper,etipperh9@jugem.jp,Female,26/09/2020,
623,Maggie,McNish,mmcnishha@accuweather.com,Female,20/04/2006,Provincie Zuid-Holland
624,Irvin,Polamontayne,ipolamontaynehb@g.co,Male,15/10/2011,Québec
625,Dodi,Gilstoun,dgilstounhc@eventbrite.com,Female,16/02/2008,
626,Derby,Fulcher,dfulcherhd@list-manage.com,Male,18/02/2001,
627,Rivi,Craven,rcravenhe@nba.com,Female,16/03/2013,
628,Mitchel,Hargreves,mhargreveshf@virginia.edu,Male,01/06/2014,
629,Rusty,Withnall,rwithnallhg@globo.com,Male,27/06/2019,
630,Clemence,Burrows,cburrowshh@oracle.com,Genderfluid,26/09/2010,
631,Moe,Robertacci,mrobertaccihi@smugmug.com,Male,22/04/2004,
632,Rosalinda,Cowderay,rcowderayhj@qq.com,Genderqueer,09/04/2002,
633,Davide,Bentham,dbenthamhk@dell.com,Male,13/12/2020,
634,Genevra,Cotilard,gcotilardhl@bbc.co.uk,Female,03/08/2003,Virginia
635,Kearney,Saxelby,ksaxelbyhm@slideshare.net,Male,10/02/2010,
636,Rickey,Scruby,rscrubyhn@geocities.jp,Male,19/05/2014,
637,Nolie,Wasylkiewicz,nwasylkiewiczho@behance.net,Female,03/06/2011,
638,Tim,Dabel,tdabelhp@bandcamp.com,Male,09/04/2019,
639,Wally,Coils,wcoilshq@sohu.com,Male,29/05/2013,
640,Dillie,Windsor,dwindsorhr@nih.gov,Male,06/11/2014,
641,Deni,Beeston,dbeestonhs@ucoz.com,Female,02/12/2011,
642,Sherwood,Guerry,sguerryht@printfriendly.com,Male,07/07/2018,
643,Tamera,Workes,tworkeshu@cam.ac.uk,Female,23/02/2013,
644,Demetre,McKiernan,dmckiernanhv@myspace.com,Male,04/04/2016,Uppsala
645,Justis,Macer,jmacerhw@mapy.cz,Male,22/11/2018,Porto
646,Rudyard,Viegas,rviegashx@marriott.com,Male,06/08/2004,England
647,Aurthur,Rowantree,arowantreehy@liveinternet.ru,Male,07/01/2004,Skåne
648,Levey,Franchyonok,lfranchyonokhz@ustream.tv,Male,28/03/2015,
649,Drusy,Mc Caughan,dmccaughani0@un.org,Female,12/05/2015,
650,Joletta,Crabb,jcrabbi1@so-net.ne.jp,Female,15/12/2012,
651,Land,Jackes,ljackesi2@theatlantic.com,Male,20/05/2003,
652,Joel,Bellerby,jbellerbyi3@arstechnica.com,Male,28/12/2017,
653,Emilia,Decayette,edecayettei4@yellowpages.com,Female,07/06/2016,Île-de-France
654,Edee,Lempertz,elempertzi5@disqus.com,Female,20/01/2015,
655,Elsworth,Lamble,elamblei6@state.tx.us,Male,25/05/2004,
656,Gray,Newband,gnewbandi7@senate.gov,Male,19/11/2001,
657,Eadith,Laimable,elaimablei8@nasa.gov,Female,03/06/2006,Poitou-Charentes
658,Jodie,Bearfoot,jbearfooti9@unblog.fr,Female,24/08/2020,
659,Shantee,Pedrozzi,spedrozziia@goo.gl,Female,27/05/2005,
660,Trenton,Corcut,tcorcutib@4shared.com,Male,06/02/2016,
661,Pasquale,Bussens,pbussensic@dailymotion.com,Male,11/04/2016,
662,Cesaro,Caccavale,ccaccavaleid@dot.gov,Male,28/01/2013,
663,Neddy,Stobbie,nstobbieie@narod.ru,Male,20/12/2006,Braga
664,Guntar,Shingfield,gshingfieldif@geocities.com,Agender,07/09/2003,
665,Karie,Bonefant,kbonefantig@forbes.com,Female,03/05/2018,
666,Billy,Loveman,blovemanih@eepurl.com,Genderqueer,11/09/2006,
667,Curt,Pirouet,cpirouetii@nationalgeographic.com,Male,19/11/2012,Asturias
668,Amy,Fitton,afittonij@altervista.org,Female,18/03/2012,
669,Kendal,Mosconi,kmosconiik@blogs.com,Male,19/01/2019,Värmland
670,Phyllis,Seabridge,pseabridgeil@illinois.edu,Female,23/07/2003,Västerbotten
671,Tyrone,Rameaux,trameauxim@homestead.com,Male,21/08/2017,
672,Shirline,Robak,srobakin@delicious.com,Female,21/03/2005,
673,Sonja,Bostock,sbostockio@canalblog.com,Female,03/11/2001,
674,Naoma,Matveiko,nmatveikoip@kickstarter.com,Female,13/07/2010,
675,Sabrina,Brimmicombe,sbrimmicombeiq@oaic.gov.au,Female,02/08/2020,
676,Elspeth,Custy,ecustyir@prlog.org,Female,22/02/2016,
677,Sunny,Lamplugh,slamplughis@imageshack.us,Male,03/09/2001,
678,Rochette,Bispo,rbispoit@shop-pro.jp,Female,19/10/2000,
679,Kearney,Robjents,krobjentsiu@squidoo.com,Male,05/03/2008,
680,Venita,Muckle,vmuckleiv@ocn.ne.jp,Female,17/07/2002,
681,Robinia,Gon,rgoniw@godaddy.com,Female,18/08/2020,
682,Jory,Schorah,jschorahix@tmall.com,Male,16/08/2016,
683,Frannie,Merigon,fmerigoniy@altervista.org,Female,17/03/2001,
684,Killian,Fiddy,kfiddyiz@themeforest.net,Male,23/03/2002,
685,Petr,Ginsie,pginsiej0@tinypic.com,Male,07/02/2010,
686,Domenic,Swatheridge,dswatheridgej1@foxnews.com,Male,09/07/2011,
687,Hillier,Spittles,hspittlesj2@rediff.com,Male,23/06/2001,
688,Herminia,Cantillion,hcantillionj3@youku.com,Female,04/09/2007,
689,Stevana,Pithcock,spithcockj4@epa.gov,Female,03/11/2015,
690,Gram,Stanaway,gstanawayj5@tinypic.com,Male,13/01/2007,
691,Lusa,Pagram,lpagramj6@smugmug.com,Female,17/02/2008,
692,Roosevelt,Cattermole,rcattermolej7@ibm.com,Male,30/08/2011,
693,Alphonso,Bucklan,abucklanj8@opensource.org,Male,23/10/2006,Viseu
694,Vanessa,Cason,vcasonj9@cisco.com,Female,26/03/2010,
695,Lianna,Pepon,lpeponja@istockphoto.com,Female,27/08/2001,
696,Lissa,Whale,lwhalejb@wp.com,Female,28/07/2010,
697,Tannie,Rummery,trummeryjc@nasa.gov,Male,29/08/2008,
698,Orion,Drohane,odrohanejd@slashdot.org,Male,21/04/2001,Viana do Castelo
699,Leo,Foro,lforoje@forbes.com,Male,13/05/2018,
700,Amargo,Aimson,aaimsonjf@webs.com,Female,14/08/2002,
701,Cheryl,Symondson,csymondsonjg@weibo.com,Female,07/03/2005,Västra Götaland
702,Doug,Prendiville,dprendivillejh@walmart.com,Male,14/06/2019,
703,Wendie,Dowtry,wdowtryji@nyu.edu,Female,26/08/2006,
704,Jimmy,Borthe,jborthejj@godaddy.com,Agender,17/11/2019,
705,Tersina,Hardistry,thardistryjk@google.pl,Female,21/01/2006,
706,Dickie,Akrigg,dakriggjl@cmu.edu,Male,04/09/2013,
707,Chrisse,Spilsted,cspilstedjm@phoca.cz,Male,03/01/2014,
708,Dniren,Boliver,dboliverjn@discuz.net,Female,28/11/2012,
709,Horton,Rattery,hratteryjo@noaa.gov,Polygender,02/12/2008,
710,Elden,Scardifield,escardifieldjp@w3.org,Male,20/01/2013,
711,Kele,Beattie,kbeattiejq@rakuten.co.jp,Male,08/07/2007,
712,Vail,Penbarthy,vpenbarthyjr@nationalgeographic.com,Male,02/06/2003,
713,Yovonnda,St. Clair,ystclairjs@slashdot.org,Female,27/02/2002,
714,Humfrid,Simmance,hsimmancejt@storify.com,Male,08/02/2003,Franche-Comté
715,Chad,Lorking,clorkingju@foxnews.com,Male,18/05/2020,
716,Ardyth,Lichtfoth,alichtfothjv@angelfire.com,Female,26/06/2005,Veracruz Llave
717,Vivianne,Ulyat,vulyatjw@smugmug.com,Female,06/08/2001,
718,Billie,Matiashvili,bmatiashvilijx@webs.com,Female,02/01/2003,Georgia
719,Barth,Yeskin,byeskinjy@ovh.net,Male,18/08/2016,
720,Valle,Wholesworth,vwholesworthjz@comcast.net,Male,20/02/2011,
721,Bliss,Horche,bhorchek0@pagesperso-orange.fr,Female,06/05/2017,Chiapas
722,Kiri,Fyfield,kfyfieldk1@engadget.com,Female,14/04/2015,
723,Nils,Kernoghan,nkernoghank2@ed.gov,Genderfluid,18/05/2020,Bretagne
724,Hubert,MacGiolla,hmacgiollak3@state.gov,Male,05/02/2005,
725,Libby,Mee,lmeek4@photobucket.com,Female,03/12/2005,
726,Archer,Spinello,aspinellok5@prlog.org,Male,15/10/2007,
727,Sholom,Sember,ssemberk6@ox.ac.uk,Genderfluid,23/06/2010,Provincie Utrecht
728,Tabbie,Ironmonger,tironmongerk7@va.gov,Female,01/01/2003,
729,Caryn,Sambals,csambalsk8@cisco.com,Female,19/12/2001,
730,Adelbert,Chesher,achesherk9@techcrunch.com,Male,19/02/2011,
731,Townie,Chrismas,tchrismaska@usgs.gov,Male,23/12/2000,
732,Bronson,Ghioni,bghionikb@ted.com,Male,14/11/2000,
733,Giffy,Grzelczak,ggrzelczakkc@dropbox.com,Male,12/12/2016,Berlin
734,Vere,Stoffersen,vstoffersenkd@wordpress.com,Female,10/07/2015,
735,Peder,Long,plongke@i2i.jp,Male,22/01/2005,
736,Beverlee,Nuth,bnuthkf@cocolog-nifty.com,Female,18/07/2018,
737,Callida,Fane,cfanekg@bizjournals.com,Female,27/06/2008,
738,Gabbie,Scoyles,gscoyleskh@illinois.edu,Male,27/06/2020,
739,Teressa,Behan,tbehanki@google.ca,Female,31/05/2007,Östergötland
740,Nickolaus,Surman-Wells,nsurmanwellskj@pagesperso-orange.fr,Male,25/11/2011,
741,Manya,Laux,mlauxkk@bloomberg.com,Female,30/04/2006,Ontario
742,Daveen,McGookin,dmcgookinkl@dropbox.com,Polygender,17/11/2009,
743,Cirillo,Beedle,cbeedlekm@gov.uk,Polygender,16/03/2014,
744,Currie,Fillon,cfillonkn@tinypic.com,Male,17/02/2020,
745,Gerry,Hennemann,ghennemannko@angelfire.com,Male,19/07/2014,South Australia
746,Lyell,McCoveney,lmccoveneykp@usgs.gov,Male,14/12/2014,
747,Gill,Batistelli,gbatistellikq@e-recht24.de,Male,11/07/2005,
748,Jarid,Lilie,jliliekr@printfriendly.com,Male,27/08/2019,
749,Andres,Brezlaw,abrezlawks@cafepress.com,Male,02/03/2019,Setúbal
750,Tailor,Inskipp,tinskippkt@nba.com,Male,20/08/2016,
751,Koren,Stockow,kstockowku@guardian.co.uk,Genderqueer,04/06/2019,Texas
752,Rorke,Sobey,rsobeykv@sciencedaily.com,Male,24/12/2013,
753,Darin,Emanueli,demanuelikw@sciencedaily.com,Male,29/07/2010,
754,Anet,Claworth,aclaworthkx@clickbank.net,Female,05/09/2018,
755,Redford,Tweede,rtweedeky@studiopress.com,Male,27/12/2001,
756,Marje,Dripp,mdrippkz@freewebs.com,Female,13/12/2007,
757,Vivie,Giannazzi,vgiannazzil0@npr.org,Female,08/12/2002,
758,Beilul,McCurtin,bmccurtinl1@redcross.org,Female,14/11/2003,
759,Rad,Orpyne,rorpynel2@w3.org,Male,05/11/2002,
760,Norri,Macenzy,nmacenzyl3@hhs.gov,Female,30/10/2001,
761,Marice,Jarrold,mjarroldl4@tinypic.com,Female,04/01/2012,
762,Rafe,Ricoald,rricoaldl5@hugedomains.com,Male,19/01/2001,
763,Lavinie,Mellenby,lmellenbyl6@businesswire.com,Female,26/04/2019,
764,Magda,Treleven,mtrelevenl7@paypal.com,Genderqueer,10/03/2013,
765,Ciro,Emblen,cemblenl8@uiuc.edu,Male,15/08/2005,Tamaulipas
766,Gayel,Stoffer,gstofferl9@nymag.com,Female,16/04/2013,Québec
767,Hedwiga,Gaddesby,hgaddesbyla@t-online.de,Female,27/01/2012,
768,Minni,McJarrow,mmcjarrowlb@statcounter.com,Female,26/11/2012,
769,Beverlie,Bernette,bbernettelc@tuttocitta.it,Female,29/05/2009,
770,Siobhan,Todd,stoddld@linkedin.com,Female,15/08/2019,
771,Karlen,Armytage,karmytagele@alibaba.com,Female,17/03/2015,Ilha do Faial
772,Lezlie,Wellington,lwellingtonlf@independent.co.uk,Female,08/10/2017,
773,Veronica,Ventom,vventomlg@redcross.org,Female,04/02/2000,British Columbia
774,Hillery,Rankin,hrankinlh@delicious.com,Male,31/05/2011,
775,Betteanne,Swettenham,bswettenhamli@intel.com,Female,23/08/2011,
776,Jeth,Kleingrub,jkleingrublj@reuters.com,Male,01/04/2018,
777,Osmond,Boyce,oboycelk@dailymotion.com,Male,06/03/2002,
778,Lib,Dusting,ldustingll@prnewswire.com,Non-binary,14/09/2002,
779,Dom,Lefeaver,dlefeaverlm@forbes.com,Male,27/11/2007,
780,Jaime,Muirden,jmuirdenln@vk.com,Female,13/05/2001,Västernorrland
781,Ashby,Tennock,atennocklo@japanpost.jp,Male,17/10/2020,
782,Rodrigo,Greig,rgreiglp@reference.com,Male,01/01/2003,
783,Emanuel,Hillett,ehillettlq@usgs.gov,Male,17/09/2017,
784,Sarajane,Nowakowska,snowakowskalr@cbsnews.com,Female,29/04/2006,
785,Ulises,O'Farrell,uofarrellls@weather.com,Male,02/12/2011,
786,Anna-diane,Baglow,abaglowlt@unblog.fr,Female,20/04/2006,
787,Dalia,Martusewicz,dmartusewiczlu@altervista.org,Female,18/09/2008,
788,Dermot,Bollen,dbollenlv@cnbc.com,Male,15/06/2010,
789,Willyt,Dionisetto,wdionisettolw@nydailynews.com,Female,24/03/2020,
790,Corbie,Pimblott,cpimblottlx@disqus.com,Male,08/08/2001,Stockholm
791,Rudy,Broughton,rbroughtonly@mozilla.com,Male,27/05/2007,
792,Alfy,Derx,aderxlz@cornell.edu,Female,26/10/2002,Coimbra
793,Patience,Maleham,pmalehamm0@edublogs.org,Female,10/03/2004,
794,Carson,Cawte,ccawtem1@gov.uk,Male,11/08/2002,Ilha de São Miguel
795,Robbert,Stair,rstairm2@archive.org,Male,24/11/2007,District of Columbia
796,Farlie,Eby,febym3@tamu.edu,Male,01/08/2017,
797,Ranique,Ballchin,rballchinm4@biglobe.ne.jp,Female,21/04/2004,
798,Hercules,Baldassi,hbaldassim5@independent.co.uk,Male,12/08/2019,Uppsala
799,John,Dwelling,jdwellingm6@sbwire.com,Male,26/02/2019,
800,Addia,Muckart,amuckartm7@apple.com,Female,02/09/2019,
801,Dom,Dayborne,ddaybornem8@buzzfeed.com,Male,04/05/2006,
802,Elisa,Rylance,erylancem9@flavors.me,Female,19/02/2011,
803,Franciskus,Bardwell,fbardwellma@php.net,Male,20/08/2019,
804,Abrahan,Stonehouse,astonehousemb@flickr.com,Male,22/12/2010,
805,Abagael,Maffei,amaffeimc@redcross.org,Female,24/01/2013,
806,Keven,Hackford,khackfordmd@spiegel.de,Male,07/03/2001,
807,Frants,Gartrell,fgartrellme@amazon.com,Male,16/05/2008,Västmanland
808,Zitella,Treble,ztreblemf@marriott.com,Female,02/03/2010,
809,Harmonie,Shilleto,hshilletomg@myspace.com,Female,12/10/2014,
810,Arlen,Jickells,ajickellsmh@pinterest.com,Female,22/02/2016,
811,Loella,Dunnan,ldunnanmi@dagondesign.com,Female,03/01/2005,
812,Bryan,Whyffen,bwhyffenmj@thetimes.co.uk,Male,07/11/2012,Sachsen-Anhalt
813,Maud,Caplis,mcaplismk@census.gov,Female,31/10/2013,
814,Worden,Geke,wgekeml@mediafire.com,Male,12/01/2005,
815,Harrietta,Fishbourne,hfishbournemm@amazon.de,Female,05/01/2009,
816,Herb,Livesey,hliveseymn@so-net.ne.jp,Male,22/12/2009,
817,Johnath,Jedrzejczyk,jjedrzejczykmo@goo.ne.jp,Female,17/09/2010,
818,Iseabal,Beagrie,ibeagriemp@goodreads.com,Female,15/04/2009,
819,Sholom,Rozsa,srozsamq@biblegateway.com,Male,09/12/2010,
820,Alexi,Schwandner,aschwandnermr@friendfeed.com,Female,26/09/2008,
821,Bradley,Nyland,bnylandms@jugem.jp,Male,10/09/2002,
822,Micaela,Finby,mfinbymt@nifty.com,Female,15/08/2014,
823,Gan,Sharpe,gsharpemu@typepad.com,Male,10/01/2008,Stockholm
824,Francesca,Moyes,fmoyesmv@prnewswire.com,Female,23/04/2006,Auvergne
825,Welch,Pawelec,wpawelecmw@clickbank.net,Male,14/01/2014,
826,Yank,Grigsby,ygrigsbymx@friendfeed.com,Male,18/04/2005,
827,Clarie,Maddocks,cmaddocksmy@hao123.com,Female,18/11/2012,Franche-Comté
828,Berry,Ridings,bridingsmz@domainmarket.com,Female,19/03/2004,
829,Magdalene,Kilgallen,mkilgallenn0@cbsnews.com,Female,24/12/2008,Rhône-Alpes
830,Danya,Arundale,darundalen1@nymag.com,Male,23/12/2010,Porto
831,Timmy,Boydle,tboydlen2@youtu.be,Male,23/02/2003,
832,Ronnie,Fintoph,rfintophn3@spiegel.de,Male,13/07/2010,
833,Caesar,Oganian,coganiann4@icio.us,Agender,12/01/2015,
834,Irwin,Coatsworth,icoatsworthn5@examiner.com,Male,19/08/2016,
835,Rudd,Birchwood,rbirchwoodn6@ted.com,Male,01/11/2004,
836,Bernie,Suffield,bsuffieldn7@cpanel.net,Female,09/11/2006,Ilha de São Miguel
837,Danya,Corradeschi,dcorradeschin8@google.es,Bigender,21/09/2005,
838,Steffi,Liggett,sliggettn9@weebly.com,Female,02/01/2004,Québec
839,Flss,Wharton,fwhartonna@cdbaby.com,Female,23/06/2006,
840,Drucy,O'Concannon,doconcannonnb@is.gd,Female,25/01/2014,
841,Agosto,Romans,aromansnc@indiegogo.com,Male,25/12/2009,
842,Abba,Finding,afindingnd@clickbank.net,Male,03/03/2015,
843,Vivia,Scourge,vscourgene@desdev.cn,Female,21/06/2010,
844,Robbin,Handy,rhandynf@163.com,Female,15/12/2018,
845,Alix,Keasy,akeasyng@dyndns.org,Female,13/11/2019,
846,Susan,Frankema,sfrankemanh@furl.net,Female,31/07/2006,
847,Heath,Dallas,hdallasni@google.cn,Male,07/03/2006,
848,Gill,Sawkins,gsawkinsnj@washington.edu,Male,01/04/2007,
849,Davin,Folkerd,dfolkerdnk@unc.edu,Male,06/09/2010,
850,Bobbi,Dobbings,bdobbingsnl@vimeo.com,Female,27/02/2014,
851,Travers,Karolowski,tkarolowskinm@timesonline.co.uk,Male,19/04/2000,
852,Pierette,McMullen,pmcmullennn@auda.org.au,Female,18/08/2000,
853,Gerty,Eyckelbeck,geyckelbeckno@pen.io,Female,13/07/2012,
854,Vincenz,Deakan,vdeakannp@wix.com,Male,25/04/2010,
855,Aldous,O'Regan,aoregannq@bloglovin.com,Male,05/09/2011,
856,Ronny,Oran,rorannr@ning.com,Male,26/08/2010,Poitou-Charentes
857,Veriee,Gilbard,vgilbardns@over-blog.com,Female,08/08/2005,
858,Ricca,Fudger,rfudgernt@economist.com,Female,14/01/2013,
859,Clem,Goady,cgoadynu@techcrunch.com,Agender,19/11/2014,
860,Byrle,Bowmaker,bbowmakernv@paginegialle.it,Male,05/11/2011,
861,Samantha,Groarty,sgroartynw@usda.gov,Female,17/04/2009,
862,Korey,Scupham,kscuphamnx@rambler.ru,Male,10/04/2007,Berlin
863,Hendrika,Aicken,haickenny@example.com,Female,29/11/2019,
864,Martita,Kingscott,mkingscottnz@boston.com,Female,13/03/2020,
865,Birgit,Farre,bfarreo0@bbc.co.uk,Female,19/11/2002,
866,Kelbee,Tutill,ktutillo1@slideshare.net,Male,04/10/2004,
867,Dionne,De Rechter,dderechtero2@umich.edu,Female,05/03/2005,New York
868,Giraldo,Bierton,gbiertono3@1und1.de,Male,11/10/2014,
869,Wye,MacQuaker,wmacquakero4@webs.com,Male,21/09/2011,
870,Robbyn,Peplaw,rpeplawo5@1688.com,Non-binary,18/02/2011,
871,Dylan,Broxholme,dbroxholmeo6@vk.com,Male,06/08/2014,
872,Kalli,Seys,kseyso7@addtoany.com,Female,23/08/2006,
873,Rosemaria,Bownde,rbowndeo8@geocities.com,Female,16/09/2008,
874,Kahaleel,Gerritsma,kgerritsmao9@apple.com,Male,02/05/2006,
875,Kaela,Schuricht,kschurichtoa@facebook.com,Non-binary,16/12/2007,
876,Ami,Thomerson,athomersonob@google.de,Female,22/06/2018,
877,Sherman,Tampion,stampionoc@bloglovin.com,Male,31/05/2012,
878,Marcus,Delgardillo,mdelgardillood@loc.gov,Male,17/08/2013,
879,Chaunce,Harcombe,charcombeoe@dot.gov,Bigender,13/04/2011,
880,Claudio,McCoole,cmccooleof@uiuc.edu,Male,08/04/2012,
881,Shamus,Leckie,sleckieog@unc.edu,Male,08/11/2007,Madrid
882,Rosette,Taverner,rtaverneroh@theguardian.com,Female,07/03/2004,Stockholm
883,Kirby,Alp,kalpoi@privacy.gov.au,Male,22/10/2020,
884,Ade,Longley,alongleyoj@unesco.org,Male,22/12/2011,
885,Amanda,Pitceathly,apitceathlyok@earthlink.net,Female,02/08/2000,
886,Marcy,Huc,mhucol@nature.com,Female,07/04/2014,
887,Rosalynd,Skett,rskettom@tmall.com,Female,26/06/2008,
888,Melita,Borkett,mborketton@cdbaby.com,Female,22/04/2005,
889,Shara,Durrad,sdurradoo@tmall.com,Female,22/02/2009,
890,Northrop,Linge,nlingeop@e-recht24.de,Male,08/12/2015,
891,Etty,Daintry,edaintryoq@who.int,Female,08/12/2004,
892,Vyky,Lambell,vlambellor@tinypic.com,Female,24/02/2016,
893,Eirena,Silwood,esilwoodos@psu.edu,Female,09/10/2020,
894,Marylynne,Cardus,mcardusot@bing.com,Female,19/07/2003,İstanbul
895,Garnette,Illidge,gillidgeou@reuters.com,Female,11/05/2020,
896,Tatum,Hubeaux,thubeauxov@xinhuanet.com,Female,18/04/2000,
897,Archaimbaud,Pedron,apedronow@sakura.ne.jp,Male,08/08/2008,
898,Cecilio,Cush,ccushox@msn.com,Male,19/03/2003,
899,Ludvig,Beadle,lbeadleoy@ucoz.ru,Male,13/03/2010,
900,Drucy,Libbe,dlibbeoz@time.com,Female,13/12/2020,New York
901,Lillis,Elsdon,lelsdonp0@yolasite.com,Female,19/03/2003,Ohio
902,Anastasia,Stabbins,astabbinsp1@who.int,Female,03/05/2000,
903,Dianne,Fillon,dfillonp2@imdb.com,Female,30/10/2012,
904,Nanci,Audas,naudasp3@themeforest.net,Female,19/01/2019,
905,Giorgio,Nanninini,gnannininip4@reference.com,Male,24/02/2011,California
906,Ugo,Elmes,uelmesp5@sbwire.com,Male,16/03/2007,
907,Carie,Daily,cdailyp6@freewebs.com,Female,04/01/2011,
908,Calvin,Zorzetti,czorzettip7@apache.org,Male,03/06/2004,
909,Peder,Dysart,pdysartp8@goo.gl,Male,05/11/2011,
910,Susann,Slade,ssladep9@amazon.co.jp,Female,27/12/2012,
911,Harlene,Winny,hwinnypa@marketwatch.com,Genderqueer,22/03/2002,
912,Wang,Paulley,wpaulleypb@google.fr,Male,03/04/2017,
913,Daloris,Brou,dbroupc@symantec.com,Female,16/04/2007,
914,Diana,Willimott,dwillimottpd@plala.or.jp,Female,23/06/2009,
915,Akim,Sepey,asepeype@last.fm,Male,29/12/2009,
916,Jorgan,Coskerry,jcoskerrypf@gnu.org,Male,07/06/2015,
917,Josiah,Patria,jpatriapg@amazon.com,Polygender,23/01/2009,Stockholm
918,Myrta,Mair,mmairph@tamu.edu,Female,13/09/2009,Poitou-Charentes
919,Krishna,Atthow,katthowpi@unesco.org,Male,08/10/2013,
920,Ealasaid,Rosier,erosierpj@unicef.org,Female,15/11/2000,
921,Berni,Shellcross,bshellcrosspk@netvibes.com,Female,07/10/2020,
922,Winny,Itzik,witzikpl@opera.com,Male,18/08/2005,Västernorrland
923,Tiff,Loffhead,tloffheadpm@unblog.fr,Female,09/11/2000,
924,Marget,Kalf,mkalfpn@oracle.com,Female,30/10/2011,
925,Anatola,Clemenza,aclemenzapo@wp.com,Female,17/03/2009,
926,Amble,Inston,ainstonpp@tmall.com,Male,24/11/2015,
927,Phedra,Ashton,pashtonpq@wunderground.com,Female,27/04/2018,
928,Oliy,Frede,ofredepr@jugem.jp,Female,29/07/2001,
929,Cedric,Ivy,civyps@istockphoto.com,Male,01/01/2001,Alsace
930,Claudia,Shera,csherapt@slideshare.net,Female,02/01/2005,
931,Conchita,Borges,cborgespu@csmonitor.com,Female,03/10/2007,Östergötland
932,Blisse,Branche,bbranchepv@symantec.com,Genderqueer,27/03/2019,
933,Lief,Tupp,ltupppw@fotki.com,Male,02/01/2002,
934,Parry,Gonneau,pgonneaupx@pagesperso-orange.fr,Male,07/06/2004,
935,Terri,Kesten,tkestenpy@mapquest.com,Male,11/07/2007,
936,Aviva,Pettko,apettkopz@ning.com,Female,04/06/2000,
937,Ernaline,Clendinning,eclendinningq0@blogs.com,Female,30/10/2008,
938,Chaddie,Pickton,cpicktonq1@auda.org.au,Male,20/05/2012,
939,Casi,Geeritz,cgeeritzq2@hubpages.com,Female,14/10/2014,
940,Gisella,Mawson,gmawsonq3@clickbank.net,Female,28/06/2006,
941,Eben,Fryatt,efryattq4@chicagotribune.com,Male,25/12/2009,
942,Timi,Barribal,tbarribalq5@sphinn.com,Female,31/12/2000,
943,Shelley,Nial,snialq6@creativecommons.org,Female,22/02/2016,
944,Lazarus,Furley,lfurleyq7@wired.com,Male,26/07/2008,
945,Christiana,Fencott,cfencottq8@deliciousdays.com,Bigender,16/03/2007,
946,Shannan,Well,swellq9@plala.or.jp,Male,20/07/2009,
947,Lindsay,Dowdeswell,ldowdeswellqa@virginia.edu,Male,07/08/2006,
948,Amelie,Di Gregorio,adigregorioqb@bbb.org,Female,29/09/2015,
949,Paulina,Bengle,pbengleqc@samsung.com,Female,08/07/2010,
950,Izak,Spykins,ispykinsqd@desdev.cn,Male,08/03/2019,
951,Hadley,Newham,hnewhamqe@discuz.net,Male,27/03/2016,
952,Janina,Caron,jcaronqf@hao123.com,Polygender,21/01/2008,
953,Fayette,Blazejewski,fblazejewskiqg@ucoz.com,Female,24/01/2014,
954,Mallorie,Maruszewski,mmaruszewskiqh@tripadvisor.com,Female,05/12/2019,
955,Ardelle,Rowson,arowsonqi@nature.com,Agender,07/12/2005,
956,Selina,Massen,smassenqj@dedecms.com,Female,28/10/2020,
957,Elissa,Duding,edudingqk@ovh.net,Female,06/06/2014,
958,Ulla,Crosham,ucroshamql@mayoclinic.com,Female,10/08/2005,
959,Karmen,Sauter,ksauterqm@google.cn,Female,06/06/2011,
960,Annette,Heindle,aheindleqn@cdbaby.com,Female,02/12/2004,
961,Eldridge,Galey,egaleyqo@tinyurl.com,Male,26/06/2007,
962,Moises,South,msouthqp@yandex.ru,Male,13/08/2000,
963,Dewey,McMeanma,dmcmeanmaqq@indiegogo.com,Male,30/12/2007,
964,Sharia,Teresa,steresaqr@icq.com,Female,06/11/2013,
965,Wallie,Balassa,wbalassaqs@unblog.fr,Male,26/08/2002,
966,Loren,Housegoe,lhousegoeqt@elpais.com,Male,26/04/2019,
967,Corine,Ottawell,cottawellqu@oakley.com,Female,12/08/2015,
968,Clayborne,Shingfield,cshingfieldqv@pcworld.com,Male,09/12/2015,
969,Karry,Gascoyne,kgascoyneqw@pbs.org,Female,15/01/2002,
970,Sheffield,Greatreax,sgreatreaxqx@shinystat.com,Genderfluid,30/07/2015,
971,Finley,Order,forderqy@domainmarket.com,Male,16/01/2009,Bretagne
972,Carree,Kildea,ckildeaqz@java.com,Female,09/01/2000,
973,Donielle,Fussie,dfussier0@lycos.com,Female,30/04/2001,
974,Clemmy,Tye,ctyer1@tripadvisor.com,Female,10/12/2018,
975,Arvie,Hawton,ahawtonr2@disqus.com,Male,08/03/2000,
976,Essie,Parris,eparrisr3@wordpress.com,Female,19/08/2012,
977,Saul,Enstone,senstoner4@joomla.org,Polygender,11/09/2017,
978,Eryn,Renner,erennerr5@cbslocal.com,Female,20/04/2010,
979,Elene,Sturman,esturmanr6@mapy.cz,Non-binary,03/07/2012,
980,Corbie,Haistwell,chaistwellr7@about.me,Male,16/08/2018,
981,Dukie,Wordsley,dwordsleyr8@ted.com,Male,25/03/2010,
982,Marco,Womack,mwomackr9@prweb.com,Male,09/04/2013,
983,Krishna,Knox,kknoxra@ibm.com,Male,17/06/2015,
984,Herve,Jell,hjellrb@netlog.com,Bigender,23/08/2001,Halland
985,Kerry,Lincoln,klincolnrc@youtube.com,Bigender,29/03/2014,Viana do Castelo
986,Arlyne,Kilgannon,akilgannonrd@rambler.ru,Female,10/11/2000,Sonora
987,Retha,Mollett,rmollettre@ifeng.com,Female,14/03/2019,Baranya
988,Jen,Wimms,jwimmsrf@google.nl,Female,10/08/2003,
989,Brocky,Baitey,bbaiteyrg@dagondesign.com,Genderfluid,29/12/2015,Niedersachsen
990,Yorgos,Stanway,ystanwayrh@harvard.edu,Male,19/02/2001,Texas
991,Florence,Miranda,fmirandari@cam.ac.uk,Female,11/08/2012,
992,Silvano,Bradnocke,sbradnockerj@ucoz.ru,Male,11/10/2003,
993,Kin,Hoffmann,khoffmannrk@youtu.be,Male,23/12/2012,
994,Rina,Asplen,rasplenrl@webeden.co.uk,Female,13/07/2016,
995,Valera,Antecki,vanteckirm@netlog.com,Polygender,13/11/2012,Basse-Normandie
996,Anastasia,Dibdall,adibdallrn@cdc.gov,Female,10/06/2019,
997,Ardys,Assinder,aassinderro@tinypic.com,Female,11/02/2013,
998,Ambrosius,O'Neal,aonealrp@mac.com,Male,23/03/2017,Mexico
999,Ettore,Pullinger,epullingerrq@wikispaces.com,Male,09/01/2007,Vestfold
1000,Theo,Glassborow,tglassborowrr@go.com,Female,24/04/2000,Arkansas
